ID,RA,Dec,m_inst,m_inst_err,m_sim,m_sim_err
[CWF94] 636, 10:18:22.807, -46:26:01.82,-11.5064,0.00913,16.41,0
2MASS J10173348-4617390, 10:17:33.485, -46:17:39.08,-10.42138,0.02094,16.032,0
[CWF94] 528, 10:17:54.010, -46:17:23.76,-10.88205,0.01355,16.37,0
[CWF94] 406, 10:17:17.083, -46:29:46.70,-11.02621,0.01303,16.19,0
[SP2014] NGC3201 BSS29, 10:16:55.783, -46:20:58.58,-10.45744,0.01961,17.08,0